College Code,College Name,Address / Contact / Website
1051,Aurora Degree College,"1-8-168/1/A, Chikkadapally Hyderabad - 500020 04027662668 ; 9248000606"
1053,A.V. Degree College,"1-2-387/A, Gaganmahal, Hyderabad - 500029, 04027637751 ; 9492426986"
1054,A.K. Navajeevan Degree Coll. for Women,"3- 5-121Ramkoti, Hyderabad - 500036, 04024540412 ; 9849548680"
1055,ACME Degree College,"4th floor,Appaji complex, above Hero Honda Show room, Malakpet malakpet Hyderabad"
1056,Kranthi Degree College,"8 & 11pragathinagar, Opp: Ramanthapur Lake, Ramanthapur, R.R. Dist.500013"
1057,Andhra Yuvathi Mandali Degree College for Women,"3-4-759/4, Barkathpura, Hyderabad - 500027 ; 04027564638 ; 8978055743"
1059,Avanthi Degree College,"3-4-875/A/1,Bus Depot lane, Barkathpura, Hyderabad - 500034, 04066414455, 9963777979"
1060,Annie Besant Womens Degree College,"# 16- 11-477/3/2/1, Dilsukhnagar Hyderabad - 500036, 04024051172, 9246537282"
1061,Arunodaya Degree College,"9-22, Dilsuknagar, Hyderabad - 500060 , 04024161953, 9440667328"
1064,Badruka Degree College (Day),"3-2-847, Kachiguda, Hyderabad - 500027, 9949495712, www.badruka.com"
1065,Badruka Degree College (AN),"3-2-848, Kachiguda, Hyderabad - 500027, 9949495712, www.badruka.com"
1066,BBCIT,"3-2-848, Kachiguda, Hyderabad - 500027, 04024654471, 9848572684, www.badruka.com"
1068,Bhavans New Science Degree College (Day),"3-5-116 to 121, Narayanguda Himaythnagar, Hyderabad - 500029, 04023237825, 9866667803"
1069,Bhavans New Science Degree College (AN),"SHALIMAR FUNCTION HALL, Narayanguda, Hyderabad - 400007, 04024764141, 9866860004, www.newsciencecollege.com"
1070,BJR Govt. Degree College,"11-2-306, Bazarghat, Nampally, Hyderabad - 500001, 04023230354, 9908002947, www.bjrgdc.in"
1071,Bharat Degree College for Women,"3-5- 1090/G, Opp: YMCA, Narayanguda, Hyderabad - 500044, 04027606411"
1072,Bhavans Viveknanda Degree College,"Sainikpuri, Secunderabad - 500094"
1074,CAT Degree & PG College,"5-8-56/C, ""Champa Mansion"",1st FloorNampally"
1075,Dharmavanth Degree College,"Yakutpura, Hyderabad - 500023, 04065707879, 9440475954"
1076,Dr. B. R. Ambedkar Degree College,"1-8-1, Baghlingampally, Hyderabad - 500044, 914027664173, 9949639337"
1078,Dewan Bahadur Padma Rao Modiliar Degree College for Women,"KeysHighSchoolCompound, Secunderabad - 500025, 04027704683, 9391078040"
1079,D.V.M Degree College of Commerce & Science,"Opp: Siris, LB Nagar, Hyderabad - 500036, ,04024037612, 9640416549, www.dvmcolleges.com"
1080,Don Bosco Degree College,"8-4-368, Borabanda ERRAGADDA Hyderabad -"
1081,David Memorial Degree College,"H.No.12- 13-1275, Lalapet road , Tarnaka, R.R.Dist. -"
1083,Govt. Degree College for Women,"20-3- 1060, Hussainialam, Hyderabad - 500002, 04024522052, 9492353252"
1086,G.M. Sanghi Degree College,"12-13-1220, Vidya Mandir, Tarnaka Secunderabad - 500020,04027019997,9849397714"
1087,Gauthami Degree College,"Datta Mansion, SR Nagar, Hyderabad - 500038, 04023710233, 9246333461, gauthamiinstitutions.com"
1088,Gauthami Degree College,"Behind Petol Bunk, Chintal, R.R. Dist. - 500038, 04023081818, 9849857956, gathamiinstitutions.com"
1089,G. Pulla Reddy Degree College,"12-2- 823/1/1Mehdipatnam GUDIMALKAPUR Hyderabad - 500028,04023513154 ,9440926250, gprdpgc.ac.in"
1090,Geetanjali Degree College for Women,"6-3- 668/9/5Panjagutta OPP MODEL HOUSE Hyderabad-500082, 9440196331"
1091,Gokul Degree College,"8-3-166/A/1, Behind Gokul Theatre,Earragadda Hyderabad -"
1093,Sree Venkateshwara Degree College,"3-5- 1090/3, Opp:Narayanguda Circle, Musheerabad, Hyderabad - 500029, 04064550005, 9848059866"
1094,Haindavi Degree College,"3-4-760/8, Barkathpura, Hyderabad -500027, 04027560114, 9849316596 ."
1095,HRD Degree College,"3-4-667&668, Narayanguda, Hyderabad - 500029, 04027551457, 9291567665, www.hrdcollege.ac.in"
1096,Hindu Degree College for Women,"7-2- 1087, Near Hanuman Devastanam, Sanathnagar, Hyderabad - 500018"
1099,Hellen Kellers Instiute of Mentally Disabled,"32-173/98RK puram Ramakrishna Puram secunderabad Hyderabad-500056, 04027113236, 9396662158"
1100,IIMC Degree College,"6-1-91,Adj. to: Telephone Bhavan, Khairathabad Hyderabad-500004, 04023231542"
1101,Indira Priyadarshini Govt. Degree College for Women,"5-5-276, NAMPALLY,HYDERABAD-500001"
1102,Islamia Degree College,"17-3- 1/5Yakathpura SRT Colony Hyderabad- 500023, 04024561612, 9440409440, www.islamiajrndeg.com"
1103,Indira Gandhi Degree College for Women,"10-1-64&65West Marredpally Secunderabad-500042, , 04065262423 , 9849552755, www.igcw.co.in"
1104,Ideal Degree College for women,"16-11- 740/A & C, DILSUKHNAGAR Hyderabad- 500060, 04024150022, 9393027292, www.idealedu.in"
1105,Jagruthi Degree College,"17-5, Raj Maholla, Narayanguda, Hyderabad -500029, , 04024761554, 9849821368, www.jagruthi.ac.in"
1106,Jahanavi Degree College,"3-4-685, Surya HouseNarayanguda, Hyderabad-500029, 04023433850, 9393001839, www.jahnavicolleges.com"
1107,Jahanavi Degree College,"1-7-303, HARDY COMPLEX, 2nd Floor Opp: Charmas, MG Road, Secunderabad.-500029, 04023433851, 9393001839, www.jahnavicolleges.com"
1108,Jahanavi Degree College for Women,"3-4- 742, Lingampally, Narayanguda, Hyderabad- 500029, 04023433856, 9393001839, www.jahnavicolleges.com"
1109,Jagruthi Degree College,"DOOR NO. 13- 92/2, Malkajgiri, Hyderabad-500116, 04065967434, 9963979634"
1110,Keshav Memorial Institute of Commerce & Science,"3-5-1026, Narayanguda, Hyderabad-500029, 04023224651, 9490987640, keshavmemorial.org"
1111,Kasturba Gandhi Degree College for Women,"10-1-1 to 5West Marredpally MARREDPALLY Secunderabad - 500026, 04027802416, 9849808454, www.kasturbagandhicollege.com"
1112,KEN Degree College,"PLOT NO.16, Tirumalgeery TRIMULGHERRY R.R.Dist.- 500015, 9642279589, 9849165540, www.kencollege.co.in"
1113,K.V. Ranga Reddy Degree College for Women,"17-1-209, Saidabad, IS Sadan, Hyderabad -500059, 04024533838, 9393526969, www.kvrrdcw.ac.in."
1114,Sree Uma Degree college,"Plot No: 11 & 12Miyapur Hydernagar R.R.Dist. - 500054, 04042015353, 9666640685, www.shreeumacollege.edu.in"
1115,Kakitya Degree College,"1-7-209/1ECIL KAPRA R.R.Dist. -500062, 04027130772, 9963388002"
1116,L.N. Gupta Degree college,"21-2- 762Pattargatti Charkaman Hyderabad - 500002, 04024414149, 8686091090"
1118,Lal Bahadur Degree College,"12-2- 830/A/43Mehdipatnam Mahdipatnam Hyderabad -500028, 04023591017, 9391045867"
1119,ANURAG DEGREE & P G COLLEGE,"PLOTNO 105&106,SAI NAGAR COLONY,BEHIND SBINEAR UPPAL BUS DEPOT, GHATKESAR MON R.R.Dist.-500098,, 04027205758, 9490405758"
1120,Little Flower Degree college,"NO.3-10-5/6, TRIMULGHERRY, SECUNDERABAD - 500015, 4027796571, 9885711127, www.littleflowerinstitutions.com"
1121,Matrusree College of Graduate Studies,"16- 1-486,Saidabad , Hyderabad -500059, 04024078767, 9703017710"
1122,Mumtaz Degree College,"16-2-737Malakpet Hyderabad Hyderabad - 500036, 04024069155, 9390604083"
1123,MNR Degree College,"Bhagya Nagar Colony Kukatpally, Hyderabad -500072, 04023065897, 9704157248, mnrindia.org"
1124,Musheerabad Degree College for Women,"1- 6-699 Zamistanpur, Musheerabad, Hyderabad - 500020, 04065592118, 9392079281, www.musheerabaddegree.com"
1125,Methodist Degree College,"4-1-1001, Abids, Hyderabad -500001, 9394878199, 7306598580 ."
1126,Madina Degree College,"3-6-122, Himayathnagar, Hyderabad -500029, 04023228497, 9849227986, www.madinadegreecollege.com ."
1127,Mahaboob Degree College,"H.NO.8-1-377 TO 379R.P. Road, Secunderabad - 500003, 04027707702, 9848005118, Mahbubdegreecollegeyahoo.in"
1128,Maitreyi Womens degree College,"10-3- 191/1Masabtank ASIFNAGAR Hyderabad - 500028, 04023535407, 9246361968"
1129,Visinoary Degree College,"20-4-973/59 A HyderabadKilwath, Charminar, Hyderabad - 500002, 04065941135, 9390044104"
1130,Mega Womens Degree College,"18-229 & 240Pragathi Nagar,Opp:Ramanthapur Lake,Ramanthapur,Hyderabad - 500013, 04065985308, 9885735020"
1131,ROYAL DEGREE COLLEGE,"5-66/1,KAMAKSHI BUILDING, CHINTAL,HYDERABAD - 500054, 04023171216, 9490191033"
1132,Mesco Degree College,"#13-5- 741Mustaidpura, Karwan Road Hyderabad - 500006, 04024828434, 9849007680, www.mescoeducation.com"
1133,Cognizant Degree College,"#6-3-785/4 & 6- 3-786/A, Ameerpet, Earragadda, Hyderabad - 500028, 04064562244, 8096213456"
1134,Megana Degree College,"16-11- 20/13/4/A,R.R BESIDE VIVEKANANDA HIGH SCHOOL,Moosarambagh, Hyderabad - 500060, 04031000400, 9348563399 ."
1135,N.B. Science Degree College,"21-1- 823Charkaman Charminar Hyderabad - 500002, 04024520659, 9059046921, www.nbsc.co.in"
1136,New Siddhartha Degree College for Women,"16-11-740/a/2Dilsunagar SAROORNAGAR Hyderabad - 500060, 04024161721, 9848814141"
1137,National Degree College,"10-3-166/1Old Lancer Lane OPP KEYS HIGH SCHOOL Secunderabad - 500025, 04027829054, 9440628828"
1138,R.K.Degree College,"1-7-10/40Gloconda X Roads Musheerabad Hyderabad - 500020, 04027644449, 9989704449"
1139,New Science Degree College,"8-3- 945Ameerpet Hyderabad - 500020, 04023733458, 9989220582"
1140,New Govt. Degree College,"6-2-669, Khairtabad, Hyderabad - 500004, 04023314956, 9866274921, www.khairathabadgdcollege.in"
1141,Nruputunga Degree College,"3-4-373 & 374, Lingampally , Hyderabad - 500027, 04027568964, 9849621263, www.nrupatunga.in"
1142,Noble Degree College,"Moosarambagh, 16- 11-741/6/C/1Moosarambagh Dilsukhnagar Hyderabad - 500036, 04024041011, 7386661311, www.nobelcollege.in"
1143,Pasha New Noble Degree College,"16-11- 741/B/4/A/1, Moosarambhagh, Dilsukhnagar R.R.Dist. - 500036, 9248089209, 9248089920"
1144,New Scholars Degree College,"5-17, Chandanagar R.R.Dist. - 500050, 04023033083, 9393220990"
1145,Vasundara Degree College (Co-Ed) 5-12- 236/1/A Mangapuram,"Moulali Meerpet R.R.Dist.- 500040, 04027126321, 9848682490, Vasundarawc.org"
1148,Nava Chaitanya Degree College,"3-5- 1090/1/A&B, Opp: YMCA Circle, Narayanguda ,Hyderabad - 500029, 04066751720, 9849245052, www.navachithanyaedu.com"
1150,New Silver Jubilee Degree College,"1-7- 175/2KAMALA NAGAR , OPP: GHMC CIRCLE OFFICE ECIL X ROADS KUSHAIGUDA R.R.Dist. - 500062, 04065196889, 9246176889"
1151,Omega Degree College,"15 B, HABSIGUDA R.R.Dist. - 500007, 04065282202, 9441583935"
1152,Omega Degree College,"171&172, Near Radhika Theatre,ECIL , Kushaiguda, Hyderabad .500062, 04027126677, 9059728161"
1153,Pioneer Degree College,"Opp: Siasat, J.N.Road, Abids, Hyderabad .500001, 04065141831, 9490751765"
1154,Pragathi Degree College for Women,"plot no 947& 948,VN Nagar Colony, Kukatpally ,R.R.Dist.-500072, 04023065702, 9949624418"
1155,Pragathi Degree college (Co-Ed.,")MIG- 210,ROAD NO1, KUKATPALLY R.R.Dist. - 500072, 04023155276, 9849500392"
1156,Pragathi Degree College for Women,"16-11- 739/A/1/1, DILSUKHNAGAR Hyderabad - 500060, 04024064781, 9246524050"
1157,Pragathi Mahavidyalaya Degree College,"4- 3-148, HANUMAN TEKDI KANDASWAMY LANE Hyderabad - 500095, 04024753768, 9866270189, www.pragatimahavidyalaya.in"
1158,Princenton Degree College,"H.No.3-9-29, Sharadanagar, Ramanthapur, Hyderabad - 500013, 04027037328, 9394544566, WWW.PRINCETONPGCOLLEGE.COM"
1159,Princess Shehkar Degree College for Women,"22-3-947 (Mahal No.3),Purani Haveli Hyderabad -500002, 04024524306, www.pswcph.ac.in"
1160,Priyadarshini Degree College,"7-1-36, Dharamkaram Road, Ameerpet, Hyderabad, 04023750432, 9490244999"
1161,Pratibha Degree College,"12-6-2/271/A, Kukatpally, R.R.Dist. - 500072, 9618254567, 0465583247, WWW.PRATHIBHA.COM"
1162,Priyanka Degree College for Women,"12-2- 831/7, Mehdipatnam ,Hyderabad - 500028, 04023533190, 9848876980"
1163,Sri Ram Degree College,"44, Saroornagar KOTHAPET R.R.Dist. - 500035, 9848094917, 9000104086, www.sriramdegreecollege.com"
1164,Siddhartha Degree & P.G. College,"PLOT NO.2Kukatpally VIVEKANANDA NAGAR COLONY KUKATPALLY R.R.Dist. - 500072, 04023062247, 9849422426"
1165,Vasundara Degree college (Co-Ed),"1-9- 630/1, Gyani Complex, Nr Nallkunta Polce StatiVidyanagar Adikmet Hyderabad - 500020, 04027640122, 8978888572"
1166,Radhe Krishna Degree college,"21-2-764, Charkaman, CHARMINAR Hyderabad - 500002, 04024564109, 9848019051"
1167,Railway Degree College,"Lalaguda, Hyderabad-500017, 04027018202, 9441513082"
1168,RGR Siddhanthi degree College,"SY.NO.703,BOLTON ROAD, Tivilo SECUNDERABAD - 500017, 04027018202, 9441513082"
1169,Rishi Degree College,"H NO 3-6- 195/4/A,Urdu Hall Lane, Himayathnagar, Hyderabad - 500029, 04064594039, 9885449729"
1170,R.G. Kedia Degree College,"3-1-336,Opp: New Bridge, Chaderghat, Hyderabad - 500027, 9440927122, www.rgkediacollege.com"
1171,Road Mystry Degree College,"Survey No. 66/1, Panmaktha, Gachibowli, Hyderabad - 500252, 9986620002, 9391585139, www.cswhyd.org"
1173,Rishi UBR Degree College for Women,"Near JNTUH, Kukatpally, Hyderabad - 500085, 04023050898, 9676233050 ."
1174,S.D. Signodia Degree College,"Charkaman, Hyderabad"
1175,S.N. Vanitha Degree College,"Exhibition grounds, Nampally, Hyderabad"
1176,Sai Sudhir Degree College,"Moulali, ECIL, Hyderabad"
1177,Samatha Degree College,"Under flyover, Narayanguda, Hyderabad"
1179,Scholars Womens Degree College,"Gaddiannaram, Dilsuknagar, Hyderabad"
1180,Shadan Degree College for Men,"Khairtabad, Hyderabad"
1181,Shadan Degree College for Women,"Khairtabad, Hyderabad"
1182,Shantinikethan Degree College for Women,"Near Raythu Bazar, Earragadda, Hyd"
1183,Saradha Degree College for Women,"Shamsheergunj, Hyderabad"
1184,Shivani Womens Degree College,"Kothapet, Hyderabad"
1186,Siddhartha degree College,"Dilsuknagar, Hyderabad"
1187,Siddhartaha Degree College for Women,"Dilsuknagar, Hyderabad"
1188,S.N. Degree College,"Chikkadpally, Hyderabad"
1189,SP Degree College,"Padmarao Nagar, Secunderabad"
1190,Sri Padmavathi Mahila Kalasala,"Saidabad, Hyderabad"
1191,Spoorthy Degree & P.G. College,"Near Krishna Mutt,Dilsuknagar, Hyd (Co.ed.)"
1193,Sri Aurbindo Degree College,"Opp: Fruit Market, Kothapet, Hyderabad"
1194,Sri Nagarjuna Degree College,"Balkampet, SR Nagar, Hyderabad"
1195,Sri Gujarathi Vidya Mandir,"Koti, Hyderabad"
1197,Sri Pannalal Pitti Degree College for W,"Begumbazar, Hyderabad"
1198,Sri Ramchandra Degree College,"Tilak Nagar Main Road, Hyderabad"
1199,Sri Sai Degree College,"Near Brilliant Grammar School, Dilsuknagar, Hyd"
1200,Sri Sai Vignan Bharathi Degree College,"Padmaraonagar, Sec"
1201,Bhagyaradhi Degree College,"Chintal,Hyd"
1202,Sri Shardha degree college for Women,"Yellareddyguda, Ameerpet, Hyd"
1203,Sri Vani Degree College,"Judges Colony, Malakpet, Hyderabad"
1204,St. Anns Degree College for Women,"Mehdipatnam, Hyderabad"
1205,St. Anns Degree College for Women,"Malkajgiri, Hyderabad"
1206,St. Anns Degree College for Women,"Mallapur, Hyderabad"
1207,St. Francis Xavier Degree College,"Barkatpura, Hyderabad"
1208,St. George Degree College for Women,"Abids, Hyderabad"
1209,St,"Mary Degree College, Near Check Post, Yousufguda, Hyderabad"
1210,St. Patricks Degree College,"Shankarmutt, Hyderabad"
1211,St. Pauls Degree College,"himayath Nagar, Hyderabad"
1212,St. Pious Degree College for Women,"Nacharam, Hyderabad"
1215,Stannly degree college,"gunfoundary hyderabad, to Stanely degree & PG College for Women, Chapel Road, Hyderabad."
1216,Sujatha Degree College for Women,"Chapel Road, Hyderabad"
1217,S V G Degree College,"Hyderguda, Hyderabad"
1218,Swathi Degree College,"Chaitanyapuri X Roads, Dilsuknagar, Hyderabad"
1220,Silver Jubilee Degree College,"Habsiguda, Hyderabad"
1221,Vahini Degree College,"Kukatpally, Hyderabad"
1222,St. Mary’s Centenary Degree College,"St. Francis Lane, Secunderabad"
1223,Sindhu Degree College,"Rethi bowli, Mehdipatnam, Hyderabad"
1224,Sir Newtons Degree College,"Near Charmas, Malakpet, Hyderabad."
1225,Sreenidhi Degree College,"Dilsuknagar, Hyderabad"
1226,saketa degree college,"shalivahana nagar,dilsukhnagar,hyd."
1227,St. Daniels Degree College,"Kukatpally, Hyderabad"
1229,The Mothers Degree College,"Vidyanagar, Hyderabad"
1230,TMSS Degree College for Women,"Karmanghat, Hyderabad ."
1231,Ushodaya Mahila Degree College,"Vanasthalipura, Hyderabad"
1232,Urdu Arts College (Eve),"Himayatnagar, Hyderabad"
1233,Vandana Degree College,"Lothkunta, Venkatapuram, Sec"
1234,Vijayanagar College of Commerce,"Mallepally, Hyderabad ."
1235,Vidya Dayani Degree College for Women,"Santoshnagar, Hyderabad"
1236,Vijetha Degree College,"Addagutta Colony, Opp: JNTU, Kukatpally, Hyd"
1237,Vikas Degree College,"Opp Sai Baba temple, Dilsuknagar, Hyderabad"
1238,Villa Marie Degree College for Women,"Raj Bhavan Road, Somajiguda, Hyd"
1240,Vivekananda Degree College,"Sithaphalmandi, Secunderabad"
1241,Pragnya Degree College,"Behind Chandanagar Bus stop, Chandanagar,R.R.Dist"
1243,Vasundara Womens Degree College,"ECIL, Hyderabad"
1244,Viveknanda Govt. Degree College,"Vidyanagar, Hyderabad"
1246,V.V. College (Day) Jambagh,Hyderabad
1247,V.V. College (AN) Jambagh,Hyderabad
1248,Vani Degree College for Women,"Mehdipatnam, Hyderabad ."
1249,Vijaya Karans Degree College,"L.B. Nagar, Hyderabad"
1250,Vivekananda Degree College,"Sharada Nilayam, Opp: BJP Office,Kukatpally,Hyd"
1251,Wesley Degree College,"(Co-Edn), Sec"
1252,Wesley Degree College for Girls,"Old Lancer Lane, Secunderabad"
1256,St. Josephs Degree College for Women,"Shaikpet, R.R. Dsit."
1257,International Degree College,"Shaikpet, R.R. Dist."
1258,MS Degree College for Women,"Masab Tank, Hyderabad"
1259,Limara Degree College,"Mallepally, Hyderabad"
1260,Narayana Degree College,"Jubilee Hills, Hyderabad"
1262,New Madina Degree College,"Towlichowki, Hyderabad"
1263,St. Mary’s College,"Kushaiguda, Hyderabad"
1264,Haindavi Degree College,"Kushaiguda, Hyderabad."
1268,Aliens Degree College,"St. No. 13, 12-13-100, Tarnaka, Hyd erabad"
1269,Harshini Degree College,"Plot No. 8, Durga Nagar Colony,Ameerpet,Hyd.erabad"
1270,Azam Degree College,"20-2-493 & 497/1, Hussainialam, Bahadapur, Hyd erabad"
1271,Unique Degree College for Women,"17-3-514/A/1,Opp: Shaik Faiz Kaman,Yakuthpura,Hyd erabad"
1272,ISO Degree College,"12-13-1260, Tarnaka, Secunderabad"
1273,Royale Degree College for Women,"Panjashah, Charminar, Hyderabad"
1274,MS Degree College for Women,"Bahadurpur, Hyderabad"
1275,MS Degree College for Women,"Towlichoki, Hyderabad"
1276,MS Degree College for Women,Nalgonda X Roads Hyderabad
1277,Sree Venkateshwara Degree College,"Saidabad, Hyderabad"
1278,Galaxy Degree college,"Shalibanda, Hyderabad"
1279,Siddhartha Degree College,"Yellareddyguda, Ameerpet, Hyderabad"
1280,Roots Degree College,"6-3-1099/1/6, Rajbhavan Road, Somajiguda, Hyd"
1281,Vignan Jyothi Institute of Arts,"Maredpally, Secunderabad"
1282,Siddhartha Womens Degree College,"Kukatpally, Hyderabad RR Dist."
1289,ETHAMES DEGREE COLLEGE,"PUNJAGUTTA, HYDERABAD."
1290,Presidency Degree College for Commerce & Science,
1291,Madina Degree College,"Charminar, Hyderabad"
1292,The Progress Degree College,"Falaknuma, Hyderabad."
1293,HBS Degree College,"Ameerpet, Hyderabad."
1294,Haindavi Degree College,"S.R. Nagar, Hyderabad"
1295,Vignan Degree College,"Habsiguda, Hyderabad"
1296,Sri Chandra Degree Collge,"Khilwath, Charminar, Hy"
1297,Sri Sarada Degree College (Co-Ed),"Moosapet, Hyder"
2001,Holy Cross Degree College for Women,"BHEL Town Ship, Ramchandrapuram"
2002,PMR Degree College,"Mall Village, Yacharam Mandal, RR Dist."
2003,Ibrahimpatnam Degree College,"Ibrahimpatnam, R.R. Dist."
2004,Prathibha Degree College,"Ibrahimpatnam, R.R. Dist."
2005,Pallavi Degree college,"Pargi, R.R. Dist."
2006,Sri Ramalingeshwara Degree College,Kulkacherla
2007,Shalivahana Degree College,"Chincholi Road, Tandur"
2008,SAP Degree College,Vikarabad
2009,Takshashila Degree College,Vikarabad
2010,Little Flower Degree College,"Uppal, R.R. Dist."
2011,Peoples Degree College,Tandur
2012,SIVA SIVANI DEGREE COLLEGE,"NH, 7, KOMPALLY, RANGA REDDY"
2013,Sai Chaitanya Degree College,"Kompally, Medchal"
2014,S.V. Degree College,"opp: Ramanthapur Lake, Ramanthapur, Hyderabad"
2015,Jagruthi Degree College,"Chavella, RR Dist."
2016,Sri Sai Degree College,"Opp: Govt. Hospital, Tandur, RR Dist."
2017,Scholars Degree College,"Medchal, RR Dist."
2018,Sai Gowthami Degree College,"Ibrahimpatnam, R.R. Dist."
2019,Ashritha Womens Degree College,"Ibrarahimpatnam, RR Dist."
2020,Sri Venkateshwara Degree College,"Pargi, RR Dist."
2022,Sri Saraswathi Vidyalaya Degree College,"Vikarabad, RR Dist."
2023,New Adarsha Degree College,"Kandukur, RR Dist."
2024,Karanam Padmavathi Degree College,"Kulkacherla, R.R. Dist."
2025,Pranathi Degree College,"Chintal, R.R. Dist."
2026,Vidyasagar Degree College,"Vikarabad, RR Dist."
2027,Vishwa Bharathi Degree College,"Gandeed, RR Dist."
2029,Sri Sai Degree College,"Pargi, RR Dist."
2030,New Sri Medha (Prajwala) Degree College,"Samshabad, RR Dist."
2031,Gauthami Degree College,"Samshabad, RR Dist."
2032,Sree Vignan Degree College,"Samshabad, RR Dist."
2033,St. Josehps College,"Towlichowli, Hyderabad"
2034,Vignan Degree College,"Bandlaguda, Rajendernagar, RR dist."
2035,Jagruthi Degree College,"Shankarpally, R.R. Dist."
2036,Sri Chaitanya Degree College,"Ghatkesar, R.R. Dist."
2037,Govt. Degree College,"Jr. College premises, Hayathnagar, R.R. Dist."
2038,Govt. Degree College,"Jr. College premises, Ibrahimpatnam, R.R. Dist."
2039,Govt. Degree College,"Jr. College premises, Kukatpally, R.R. Dist."
2040,Govt. Degree College,"Jr. College premises, Tandur, R.R. Dist."
2041,Govt. Degree College,"Jr. College premises, Chavella, R.R. Dist."
2042,Prathibha Degree College,"Near Cattle Pond, Vikarabad, R.R Dist."
2043,Mahila Dikshitha Samithi Degree College for Women,"Suma Nilayam,Serlingampally,RR Dist"
2044,Sindhu Degree College,"Pathakunta, Tandur, RR Dist."
2045,Sri Vaagdevi Degree College,"Shamshabad, RR Dist"
2051,Jagruthy Womens Degree College,"Thukkuguda, Maheshwaram Mdl, RR Dist"
2052,Netra Vidyalayam Degree College for Blind,"JIVA,Palmakol,Shamshabad, RR Dist"
2053,IITM,"Ghatkesar, R.R. Dist."
2054,Vanitha Degree College for Women,"4-13/2, Sri Sai Nagar, Chintal, Qutbullapur, RR Dist."
2055,Galaxy Degree College,"I & II floors, Sy. No. 34 & 35, Thukkuguda, Maheshwaram, RR Dist."
2056,New Badruka Degree College,"Sy. No. 29, Near Fab City, Thukkuguda, Maheshwaram, RR Dist"
2057,PJRs Memorial Sai Teja Degree College,"Thumkunta, Shameerpet, RR Dist."
2058,Sai Teja Degree College,"Kompally, R.R. Dist."
2059,Pragnya Womens Degree College,"Block No. 3, 5-2/1, Near Bus Stand, Chandangar, RR District"
2061,Pragathi Womens Degree college,"Chandanagar, R.R. Dist."
2062,Rainbow Integrated Degree college,"Chintal, IDPL Post, RR Dist."
2064,Vishwa Chaitany Women’s Degree College,"Plot No.29,EC Extension,ECIL,RR Dist"
2066,Spandana Womens Degree College,"Vanasthalipura, R.R. Dist."
2067,Frobel’s Degree College,"Malkajgiri, R.R. Dist."
2068,KLR Degree College,"Cheryal, Keesara, R.R. Dist."
2069,Vignan Degree College,"Attapur, R.R. Dist."
2070,Nagarjuna Degree College,"Doma, R.R. Dist"
2071,Bhavitha Degree College,"Vanasthalipuram, R.R. Dis"
2072,Siddhartha Degree College,"Moinabad, RR Dist."
2074,Gowthami Women's Degree College Shamshabad,R.R.
2075,Haindavi Degree College,"Champapet. Hyderabad, R.R"
2076,Vijetha Degree College for Women,"Kondapur, Hyde"
2077,Sri Chaitanya Degree College,"Madinaguda, Hyderaba"
2079,Kavitha Degree College for Women,"L.B. Nagar., R.R"
2080,Balaji Degree College,"Himayathnagar, Moinabad, R."
2081,Anish Degree College,"Nacharam, Uppal, R.R. Distri"
2082,PMR Degree College,"L.B. Nagar, Hyderabad R.R. Di"
2083,Sahithi Degree College for Women,BN Reddy Nagar
2084,Geethanjali Degree College,"St. No. 1, Nagendra Na"
2085,Avinash Degree College,"Kukatpally, Hyderabad"
2086,Avinash Degree College,"Kothapet, Hyderabad, R.R.Dist"
2087,Holy Mary Degree College,"Balnagar, Hyderabad"
2088,Silver Jubilee Degree College for Women,Habsiguda
2089,New Pragathi Degree College of Commerce & Sc.,Cha
2090,Govt. Degree College,"Malkajgiri, Hyderabad, R.R."
2091,Dr. Narayana Degree College of Commerce & Sc.,Kuk
2092,Narayana Degree College,"Chaitanyapuri, R.R. Dist."
2093,Great India Degree College,"Gundlapochampally, Med"
2094,Sree Bindu Degree College,"Shamshabad, R.R. Dist."
2095,Infant Jesus Degree College,"Shamshabad, R.R. Dist"
2096,Saanvi Degree College for Women,"Almasguda, R.R. D"
2097,Akshara Degree College,"Medchal, R.R. Dist."
6001,Vashista Degree College,Zaheerabad
6002,Acharya Degree College,"Allipur (V) , Medak"
6004,Adharsha Degree College,"Siddipet , Medak"
6005,Anuradha Memorial Degree Coll.,"Narayankhed , Medak-"
6006,Baptist Degree College,"Sangareddy , Medak"
6007,BMR Degree College,"GAJWEL , Medak"
6008,BMR Degree College,"Siddipet , Medak."
6012,Ellenki Degree College (Co-Education),"Narsapur, Medak"
6014,Ellenki Degree College,"Sangareddy , Medak"
6016,Geetanjali Degree College,"Gajwel , Medak"
6017,Govt. Degree College for women,Medak
6018,Govt. Degree College for Women,"Siddipet , Medak"
6019,Govt.Degree College,"Gajwel , Medak-"
6020,Govt. Degree College,"Narayankhed , Medak"
6021,Govt. Degree College,"Narsapur , Medak"
6022,Govt. Degree College,"Patancheru , Medak"
6023,Govt. Degree College,"Dubbak , Medak"
6024,Govt.Degree college for Women,"Sangareddy , Medak-"
6025,Govt. Degree College,"Siddipet , Medak"
6026,Govt. Degree College,"Zaheerabad , Medak"
6027,Govt.Degree College,"Sadasivpet , Medak-"
6028,Govt. Degree College (Co-Ed),Medak
6029,Govt. Degree College for Women,"Gajwel , Medak"
6031,Jagruthi Degree College,"Zaheerabad , Medak"
6032,Manjeera Degree College,"Ramayanpet , Medak"
6033,Manjeera Degree College,"Patancheru(V) , Medak"
6034,MVG Memorial Degree Collegge,Gajwel
6035,Nagarjuna Degree College,"Sangareddy , Medak"
6036,Nagarjuna Degree College,"Gajwel , Mutrajpally(V) , Medak"
6037,Nalanda Degree College,"Toopran , Medak"
6038,Nehru Memorial Govt. Degree College,"Jogipet , Medak"
6039,Pratibha Degree College,"Siddipet , Medak"
6040,Royal Degree College,"Pillikotial(V) , Medak"
6041,SVB (Master's) Degree College,"19-86/2,3,4SRINIVASA NAGAR Siddipet Medak Dist"
6042,Sanga Mithra Degree College,"Sidipet , Medak."
6043,Sarvepally Radhakrishna Degree College,"SIDDIPET,MEDAK."
6044,Sneha Degree College,"Ramayampet , Medak"
6045,Sri Chaitanya Degree College,"Dubbaka, Medak Dist."
6046,Sri Maruthi Degree College,"NARSAPUR , Medak Dist."
6047,Sri Padmanabha Degree College,"Nizampur Road , Medak"
6048,Sri Sadana Degree College,"Chegunta (V &M) , Medak"
6049,Sri Sai Degree College,"Jogipet , Medak"
6050,Sri Vani Degree College,"Zahirabad , Medak-"
6051,M.G Degree College,"H.No.11-10Sy.No.119/9, I & II Floors Pothireddypally Medak Dist"
6052,Sri Venkateswara Degree College,", CHINNAKODUR , Medak Dist."
6053,Sri Vidya Degree College,"Siddipet, Medak"
6054,Sri Viveka Vardhini Degree College,"Dubbak , Medak"
6055,Srinidhi Degree College,"SANGAREDDY , Medak"
6056,Srinivasa Degree College Brahim Street,Medak
6057,Srinivasa Degree College,"Narayankhed (V&M) , Medak"
6058,Tara Govt. College,"Sangaredd , Medak"
6059,Masters Degree College,"Sangareddy, Medak"
6060,Vijaya Sai Degree College,"Siddipet , Medak"
6061,YPR Degree College,"Siddipet , Medak"
6062,Wisdom Degree College,"Sangareddy , Medak"
6063,Sri Chaintanay Degree college,"Toopran,Medak"
6066,Government Degree College,"Mirdoddi, Medak Dist"
6067,Sri Manikanta Saranam Degree College,Papannapet Medak Dist.
6068,Government Degree College for Women,"Jogipet, Medak"
6070,Social Welfare Residential College for Girls,Budh
6071,Pattabhi Degree College,"Ravelly, Medak"
6072,Sri Vivekananda Degree College,"Toopran, Medak"
6075,Sri Manikanta Sharanam Degree College,"123, OPP BUSSTAND TEKMAL MEDAK"
6076,Shivaji Degree College,"Pocharam, Regode, Medak"
6077,Aashritha Degree College,"Shankarampet, Medak"
6078,Sri Yuva Chaitanya Degree College,"Shankarampet, M"
